id,Apellido,Nombre,DNI,CUIL,Direccion,WhatsApp,Documentacion,detalles
512335e5-460d-4832-ad8b-eb1c85cc8932,Pire,"Sonia Beatriz",18215818,,,,,
fe1ec15d-197d-4203-a22c-7926a22017e3,Prokipczuk,"Maria Alejandra",22150880,,,,,
ac6d32bd-e7e6-4a29-bd30-ac52a30486ab,Benitez,"Alicia Dalila",22150691,,,,,
3ed025b1-b904-4541-a494-66b7a9209298,Gonzalez,"Alicia Liliana",12259483,,,," ",
982d98a5-d17d-4ed9-b0d7-e930f5591caa,Herlein,"Stella Maris",17075633,,,,,
8a38fa47-9d89-4b5c-9ba1-1d09c7a7b814,Ferrari,"Adriana Beatriz",17552233,,,,,
c8151079-a498-4050-ad32-792e0bbe39e9,Cozza,"Claudia Alejandra",20369271,,,,,
ff973882-b753-42a3-aad9-534d49a8fad0,Elizabelar,"Maria Julia",27294185,,,,,
b77b2061-04dc-443e-8b6b-ea4017937766,Cettour,Alexia,39029162,,,,,
b0264a2b-e31d-4508-a197-79d5b81f4d71,Romero,Susana,12259368,,,,,
8d4bc00c-d12c-4454-badb-2510a8407203,"Moreira Dure","Estefania Daniela",96071762,,,,,
a96a12a5-3d4f-4d57-b0ed-b9b79cc708e8,Vandembosch,"Maria Graciela",20813818,,,,,
301deb0e-3242-4ba7-90f2-953c640fe8df,Pontelli,"Veronica Alicia",30166580,,,,,
343f980d-916a-4c22-b074-f046514ae751,Comparada,"Ana Maria Susana",24527217,,,,,
4dbc0b21-7099-4f76-a32e-a71f76f15311,Larrachao,"Liliana Noemi",11923452,,,,,
8b8b580b-6351-4a0b-9405-a36b40b63480,Morillo,"Milagros Juliana",40990971,,,,,
d11a0e0f-1b0e-41e4-92ae-9c02771713d2,Jacquement,"Monica Maria",16843364,,,,,
c082c904-4a4d-4d03-b22f-5ab3edf91cc7,Rodriguez,"Maria Del Rosario",16609171,,,,,
7ef24331-1f2e-4865-b18f-f9b098f56bc1,Romero,"Candela Ailen",42487595,,,,,
9d521be1-92b7-4b57-8178-ee6f07c4a3e6,Burba,Olga,nan,,,,,
eb28ad9d-929d-4377-8550-fff2dc8e560b,Rios,"Monica Viviana",20668822,,,,,
c6bc74b4-0d37-4d08-8c12-da80037053c6,Castro,Natalia,24202471,,,,,
9f55f481-e2bb-46dc-b1c0-0665aa04e778,Quintana,Gabriela,18510195,,,,,
6cddeb8b-e282-48bd-95de-bbd2d297fd25,Chanchepa,"Natalia Elizabet",28190643,,,,,
aa778f38-02ae-45db-a33d-4702976a7209,Rodriguez,"Maria Silvina",18071919,,,,,
cec00e0a-bc40-41dd-95d7-c3e9bd8e1a3b,"De Los Santos","Maria Laura",92251130,,,,,
be5ce85c-b7fe-4a3f-90f5-4f96597e02ea,Laurino,Liliana,16834328,,,,,
91fe945b-a17c-4bed-a6be-ce548dde69a9,Labalta,"Ester Soledad",12259665,,,,,
5753c83b-d41a-49a7-a3da-9879682b5d99,"Vitasse Scarione",Mirta,12259002,,,,,
8dff8c1e-d749-470a-bf03-e74b5c8a5960,Bourlot,Claudia,12239855,,,,,
965b1e71-4350-44a3-81f4-90508cbf0c7a,Traverso,Elsa,11771834,,,,,
bcf32954-4095-4a23-9ee8-19c27709272a,Aguirre,"Alejandra Makina",21736133,,,,Sí,
d4ec96dd-2c5e-4426-bab3-d394ab862955,Migueles,Marta,24044468,,,,,
24959ac9-96c8-463e-a1d1-849900cb6ab0,Benitez,"Claudia Gabriela",17329978,,,,,
1bb49870-83ca-43b8-9f6c-216dafd0342a,"Dabadia Barbisan","Nadia Lorena",28533814,,,,,
89e17d86-2918-48d7-a3f9-c93480cc5faa,Barañao,"Silvana Noemi",31874150,,,,Sí,
518c0992-44b3-4912-822a-f05acf5c0970,Santos,"Florencia Elizabeth",30322931,,,,,
1cd75086-11b3-4c1e-a283-aa1521148c98,Gutierrez,"Sara Silvana",20255703,,,,,
4a5ef0b9-c0d9-4605-96df-173dd2ae40d0,Mazzoli,"Natalia Veronica",28959183,,,,,
18f49091-1356-43f4-ba44-ec63ed479639,Venini,"Sandra Viviana",27293606,,,,,
7e99035b-7e52-4dcc-9ed1-91046cb053a8,Gonzalez,"Siomara Berenice",30406881,,,,,
5126963e-2504-43be-ba30-26c83e74744c,Sastre,Mariela,20369727,,,,,
f7a76e40-0a02-4d54-9651-0259d1dfcc61,Braun,Alejadra,24187391,,,,,
7206be96-43e1-43b4-83ac-43e0fb289ba0,Cattaneo,Fabiana,21696458,,,,,
8e33b040-1ba9-456e-8b05-05549c6523b5,Perez,Lidia,21696574,,,,,
732bd634-386a-4fb8-9544-94a37ff537ba,Morales,"Andrea Fabiana",22172975,,,,,
7b1d80d8-383b-44d3-a822-ffa4662ef4f0,George,Cristina,18506096,,,,,
1c5dae85-3be6-4a39-a680-924753406127,Cortez,"Inez Maria",34273890,,,,,
cad0a939-deb5-402b-913f-136ab080f481,"De Elias",Cristina,25722837,,,,,
dbec4a44-d31d-4d92-8f89-f265e4991d4a,Arevalo,"Camila Abigail",44281045,,,,Sí,
e08d8f3c-903d-40c0-8a8b-ca49cf709bd5,Fernandez,Miguela,39031046,,,,,
657d8379-4e85-4cb5-ac8a-27ef1d00dad9,Siveiro,Lorena,29856680,,,,,
5a28a688-8833-485c-ad04-52e744b260fe,Cuadra,"Gisela Ramona",30549831,,,,,
25b32628-d943-4f83-9b59-7014c9e85242,Haak,"Gisela Raquel",33025365,,,,,
7399341f-ff85-47b4-b9f4-e15af615a81e,Palermo,"Melina Gisel",42071115,,,,,
8f426a59-eb38-4f2b-9ede-bd4c1af94a1b,Solis,"Laura Rosana",18467543,,,,,
24954259-02b4-4897-b533-6982d92c2fb7,Cardozo,"Noelia Celeste",37596213,,,,,
a1761e99-34ea-47c2-b7df-c250f9f6f0de,Pereyra,"Bruna Clarisa",25902304,,,,,
c44a1d97-90a5-4ebd-87c1-832e31a6ad64,Almada,"Jennifer Mariela",41382480,,,,Sí,
955fcc96-00f6-41d8-aed7-442201fe3b3a,Benitez,"Gisela Maria",28190470,,,,,
1eac5653-ac6a-4884-9b83-2c73730c1fd0,Amarillo,"Maria Elsa",21529380,,,,Sí,
fab46f5f-7ace-4148-9905-abec33124e12,Esquivo,"Stella Maris",13599211,,,,,
707eb8f4-2ef5-484c-8b39-ff31f49276f7,Chareun,Valeria,28190272,,,,,
260dbf81-08b6-4592-965e-d3fc38a09b29,Bofelli,Viviana,16843067,,,,,
384534d6-6097-47aa-92df-c75683e50a7d,Coccaro,Susana,23650796,,,,,
0fca9fec-44f6-4a7f-b200-7e5271164342,Perruchoud,Ivan,31875715,,,,,
db25b107-8541-450f-8fe4-f0eaf3c95dd2,Sanchez,Pamela,30549638,,,,,
d8859c69-7f95-4c7e-a530-82ae78a7ea9c,"Benitez Cremona","Maria Jose",28410618,,,,,
5ad29671-e4d0-41e7-869a-41ed41c73281,Carotta,Yanina,35714764,,,,,
84b4a935-6bab-48d7-8207-547b98d7e8e0,Galiano,Veronica,95074635,,,,,
a4968421-95dd-4de4-9b04-b5185cc7cfea,Gradizuela,Sofia,30549519,,,,,
17df8e47-23bc-464a-bc37-627222696ee4,Diaz,Carina,32481709,,,,,
cbc177f4-38e4-4931-ae5f-5e0d78d92411,Martinez,Claudia,25902988,,,,,
f1a955c4-1b51-4e8e-8493-773945a36bd2,Moreyra,Elena,18506098,,,,,
27e4dbb3-4862-4f3b-bfae-cb143f0358ab,Asin,Liliana,17552038,,,,Sí,
02e80c74-a1b9-43a3-b9ab-8a15bbcddfd4,Contrera,Marta,22066530,,,,,
f5d6d596-195d-4b9e-aad3-f091fa6e97db,Tello,Monica,23615979,,,,,
282c2576-cbd7-4c1a-a5c5-2d57e58311a4,Suarez,Pilar,37596276,,,,,
28bea600-4a18-47a2-ab1a-c3ad026dfe77,Tabarez,Yanina,26964819,,,,,
ca939e6b-88dd-45fa-894c-60f92a71c813,"Brian Ezequiel",Caballero,45553509,,,,,
6a0917e1-bc80-4aa8-9c86-add7776bd2d8,Esquivo,"Claudia Daniela",21428400,,,,,
775f5b02-b5cd-46e4-b55d-31d96ea05d53,Dartuqui,"Claudio Martin",31003781,,,,,
64339809-d507-40c5-9217-5612c7eac929,Roa,"Daniela Patricia",22150685,,,,,
d1b9c666-ca6d-472b-8735-1d2f353dde8a,Farias,"Ernesto Raul",28371355,,,,,
fd4cfe94-82a0-4636-8307-277a0ac3810e,Candotii,"Franco Felipe",35226017,,,,,
678b9606-0d6b-4202-b5d6-67ab47355820,Quinteros,Gaston,24257196,,,,,
f1c84497-9fa3-46c4-9050-84c1773f7968,Etchart,Lucia,40047385,,,,,
0b0ba7f2-ecf9-4775-93b9-08c0df035390,Piaseki,"Maria Adriana",21529338,,,,,
69298bbb-f632-4b37-8db5-6b95280bed2e,Walser,Milagros,41176156,,,,,
389a736d-d6b0-4134-b138-7d37518bdca7,Sanchez,"Nadia Fabiana",34939778,,,,,
4d00035e-9823-43b0-a829-2d97af9b7986,Castroman,"Nanci Noemi",26033737,,,,,
b357730c-6a94-4093-ae68-10119187d287,Albeira,"Norma Beatriz",17552295,,,,Sí,
129f2295-eefe-4a40-bd57-ccd860656d95,Esposito,"Rodrigo Ivan",32224754,,,,,
ccf445ad-1567-42de-aabe-245ce9b60ae1,Miralles,"Silvia Beatriz",17954831,,,,,
1245970c-a349-41d7-80c6-8a5d8ab69f58,Boffelli,"Maria Delia",24795859,,,,,
8775c794-b4ac-455f-82ca-2e77edde6f5b,Cabrera,Carina,23275802,23123,,,Sí,
edb5e4af-d84d-4079-b442-444e721a7daa,Cano,Sergio,37978474,,,,,
d6d1d67a-acfa-4ccf-91eb-10a49f9d23bb,Carlotti,Brian,46859566,,,,,
e1d90ca8-da05-4503-a06e-c2b516cdcb59,Carlotti,Alexander,43295768,,,,,
9b0d8afe-be09-4fa3-9d55-d6c400c28b65,Castillo,"Alberto Eduardo",23696477,,,,,
a40f6f7e-4e7d-4bf3-b1cb-770e2b607664,Coito,Marcelo,39820089,,,,,
cc80129e-271a-48b4-b0d4-7500c0ee1947,Diaz,Gabriel,470956,,,,Sí,
a9376e36-5f75-4b76-aa12-c007378bc50a,Garelli,"Andrea Estefanía",39261886,,,,,
4010ff49-e237-40b0-8bb8-151e5fa30183,Gobbi,"Laura Fabiana",32741914,,,,,
7742b170-f4f6-42ac-82a5-3bb7c705e2f1,Humacata,Franco,41811239,,,,,
7a45ec9c-90ea-43f2-937c-a5c8e7e1b9bf,Loch,"Maria Luisa",23203097,,,,,
7ccd3b87-1625-46de-b3b6-bb9cc8bcddc9,Lopez,Mariano,36248506,,,,,
4a548b71-15a2-4ee0-a34a-d28b2d33a606,Molver,"Santiago Axel",46859644,,,,,
e90c823d-b53f-4432-8776-80b42bcae41c,Roa,"Luciano Nicolás",37563641,,,,,
b3c12750-cf01-40da-b488-214c60cbe4b6,Rodriguez,"Diana Maria",34605040,,,,,
a2e3db7b-fc86-4204-b19c-af4b4bd71923,Saade,Martin,33945560,,,,,
50e7b565-81a8-47e8-951e-f67b860da568,Sain,Carlos,14936734,,,,,
bd7f18e3-8d28-4a48-93ab-c3a667fc1f59,Villagra,"Ma. De los Angeles",40408507,,,,,
7483e183-6534-4eaf-b25d-9238fa365fbf,Yasiuk,"M. Belen",28425105,,,,,
b77568aa-46b1-4f5e-81f2-a88d6f05aa62,Balbo,"Juan Manuel1",30549850,,,,Sí,
35defda1-6be4-4507-95b7-e3ecc5d1c14b,Baltore,"Martin Reynoso",47924615,,,,Sí,
ee8e0672-a0c1-4528-8c5b-1d7bbabba875,Coronel,Elisa,25274759,,,,,
e17bf264-f5ef-4fd8-8d19-87f3ab37c972,"Fernández Rey",Natalia,36296138,,,,,
ea6d254b-9e43-4a95-80ec-8aa04799399a,Galguera,"Fernanda Elisabeth",27158461,,,,,
0beee710-9b1a-4e13-8db6-6d041b85cf35,Galvan,Martin,40693581,,,,,
880636ee-c477-459c-a80d-6309908f18d1,Garnier,Lorena,23254983,,,,,
15a2985c-52d0-4190-af5f-424b942a05aa,Germanier,Jorge,18575506,,,,,
2167ac29-317f-4a89-b87b-2e960a0aa943,Gianera,"Cristian Nicolás",31875756,,,,,
026304ff-7ccc-49f7-a654-7516c25f3527,Gomez,Lazaro,27294154,,,,,
47d32ed8-2b82-42b6-a274-5dceebdd4ece,Gutierrez,"Brian Laureano",37081480,,,,,
f5f04281-26c4-4fb9-9e92-a6a1170cfbc1,Lencina,Fernando,27813871,,,,,
0fb26970-e4eb-427d-a95f-4775ea6c4900,Lescano,Mariela,31395465,,,,,
087ce0d3-7775-427d-9b83-015f21a87e17,Leturia,Demetrio,34939841,,,,,
38ec4540-d53c-4541-9581-7e869cfd4e65,Marino,Roman,26173202,,,,,
8568110a-ba48-4b87-be41-95f928652da8,Martinez,Isaías,36100544,,,,,
f8e58f18-c3cb-49ec-974a-436201bb561b,Quintana,Enzo,42487929,,,,,
ebd7c039-40c8-4386-baa8-9db081d228ea,Rodriguez,Cristina,21696362,,,,,
4486810b-ffd5-482e-b830-eb491cf542ed,"Rodriguez Avalos","Esteban Gregorio",35226044,,,,,
077c7e3d-60aa-45e1-96e9-9423e7516332,Sardo,Ricardo,16020983,,,,,
b1bdad87-3307-44cf-9792-32a706e96018,Vallejo,Marta,11911426,,,,,
5a42a8d4-7cc1-4b87-98e9-0c2f2000a6ff,Zapata,Sandra,23697054,,,,,
b4024649-9ce2-4cea-abb7-fd14236e166a,Zeni,Ceferino,41907008,,,,,
b983fc66-c4b0-48b9-90ab-dab16c5ef829,Bedin,Sebastián,32224830,,,,,
b4ec8ba2-7591-4313-9d54-16cae3d9ff82,Pérez,"Darío Miguel",29471769,,,,,
bdc69dbd-ea2a-4146-8fa7-3de6d029dbfe,Echeverría,Sofía,46393062,,,,,
49a32400-f1c5-4894-8785-2437c897b67d,Giordanengo,"María Belén",25025964,,,,,
6ecd61fa-03be-43bb-aac2-c344da742100,Gonzalez,"Cristian Martín",42972101,,,,,
49a12b94-3e73-4a81-b8d1-d34196b61eb4,Ortiz,"Bruno Sebastián",45756252,,,,,
a5bda913-bd98-4fb3-adff-1e2ef81b190c,Ríos,"Triska Paula",24527281,,,,,
c9201af0-2e73-46ec-86bf-ec254b683df0,Schenfeld,"Matías Sergio Ramón",27679737,,,,,
e0e3a4cd-fbba-4f38-aadf-1c12037521ea,Suarez,"Dylan Tomás",48265285,,,,,
