id,id_formacion,dia,horario
g001,f001,Jueves,08:00-12:00
g002,f001,Jueves,14:00-17:00
g003,f001,Viernes,08:00-12:00
g004,f001,Viernes,14:00-17:00
g005,f002,Lunes,14:00-17:30
g006,f002,Miércoles,14:00-17:30
g007,f002,Viernes,14:00-17:30
g008,f003,Lunes,17:30-20:00
g009,f003,Miércoles,17:30-20:00
g010,f004,Jueves,08:00-12:00
g011,f004,Jueves,14:00-17:00
g012,f004,Viernes,08:00-12:00
g013,f004,Viernes,14:00-17:00
g014,f005,Martes,08:00-12:00
g015,f005,Martes,14:00-17:00
g016,f005,Miércoles,08:00-12:00
g017,f005,Miércoles,14:00-17:00
g018,f006,Martes,17:00-20:00
g019,f006,Jueves,17:00-20:00
