id,AlumnoID,Formacion,Fecha,Estado,Observaciones
7ef828a3-9552-46b1-b1b8-a2a35b744a60,b1bdad87-3307-44cf-9792-32a706e96018,"Restauración de Muebles",2025-11-08,Baja,
de709988-8c14-4d73-8c2f-2fc98b0bcd4e,e0e3a4cd-fbba-4f38-aadf-1c12037521ea,"Soldador Básico",2025-11-08,Baja,
346e305c-d414-4ac0-83dc-8c740808953a,bcf32954-4095-4a23-9ee8-19c27709272a,"Restauración de Muebles",2025-11-08,Baja,
7109a5f0-1b9e-4b57-a86a-c329e3598c93,bcf32954-4095-4a23-9ee8-19c27709272a,"Soldador Básico",2025-11-08,Baja,
39387856-3e2d-4d28-af67-01de3a18f090,8775c794-b4ac-455f-82ca-2e77edde6f5b,"Soldador Básico",2025-11-09,Baja,
f07eb79d-df86-4ed9-9205-7e5efc3af5af,b357730c-6a94-4093-ae68-10119187d287,Albañilería,2025-11-09,Baja,
ef1c3415-fd79-4109-a074-3fce51ed9085,b357730c-6a94-4093-ae68-10119187d287,"Electricista Domiciliario",2025-11-09,Baja,
c511361d-d781-439d-b91a-c69d2753830d,b357730c-6a94-4093-ae68-10119187d287,"Soldador Básico",2025-11-09,Baja,
3ba9be6d-6875-469a-b553-4d337506a183,cc80129e-271a-48b4-b0d4-7500c0ee1947,"Soldador Básico",2025-11-09,Baja,
11468fa7-0aa0-4890-93db-6dc1c48f55a9,cc80129e-271a-48b4-b0d4-7500c0ee1947,"Marroquinería y tapizado",2025-11-09,Activo,
646e4ccd-cf6b-4d17-aa8a-e29e5c803215,b357730c-6a94-4093-ae68-10119187d287,"Marroquinería y tapizado",2025-11-09,Activo,
067c7e77-eaf0-41e0-b1ef-d33262509e5e,b357730c-6a94-4093-ae68-10119187d287,"Soldador Básico",2025-11-09,Activo,
34f3825c-d5c2-487c-a8ca-a0bef226368c,b357730c-6a94-4093-ae68-10119187d287,"Restauración de Muebles",2025-11-09,Baja,
35d0768b-9c17-4c92-ba1b-41a9e7c7d6d9,b357730c-6a94-4093-ae68-10119187d287,"Restauración de Muebles",2025-11-09,Activo,
e8f5a632-190e-4e1f-aaa4-83496219f6c4,bcf32954-4095-4a23-9ee8-19c27709272a,"Electricista Domiciliario",2025-11-09,Activo,
f5fa8db1-3f85-4bc0-a535-5f53a9cb3a6f,bcf32954-4095-4a23-9ee8-19c27709272a,"Soldador Básico",2025-11-09,Activo,
00ad05ee-149e-444e-a9eb-7121bf88e0ed,cc80129e-271a-48b4-b0d4-7500c0ee1947,Albañilería,2025-11-09,Activo,
c1ceaecc-cfc2-4675-82d8-785009cb8698,cc80129e-271a-48b4-b0d4-7500c0ee1947,"Electricista Domiciliario",2025-11-09,Activo,
96f935f9-9413-4bf6-bf8f-53573681fa8c,c44a1d97-90a5-4ebd-87c1-832e31a6ad64,"Confeccionista a Medida",2025-11-09,Activo,
